name,catagory,yop,image
Yesterday I Was The Moon (Lead Title),0,2018,https://m.media-amazon.com/images/I/5196wRC7saL._AC_UY218_.jpg
"Rumi's Little Book of Life: The Garden of the Soul, the Heart, and the Spirit",0,2020,https://m.media-amazon.com/images/I/91MQXjr0mcL._AC_UY218_.jpg
Selected Poems (PB),0,2012,https://m.media-amazon.com/images/I/81V8GnD8GmL._AC_UY218_.jpg
Greatest Poetry Ever Written,0,2018,https://m.media-amazon.com/images/I/61xjURomnxL._AC_UY218_.jpg
Celebrating the Best of Urdu Poetry,0,2011,https://m.media-amazon.com/images/I/710pmWP+9IL._AC_UY218_.jpg
One Hundred Poems of Kabir [Paperback] Translated by Rabindranath Tagore,0,2019,https://m.media-amazon.com/images/I/71Bqb2mKNoL._AC_UY218_.jpg
50 World’s Greatest Poems : Collectable Edition,0,2018,https://m.media-amazon.com/images/I/61JWaXI8KyL._AC_UY218_.jpg
Japanese Death Poems: Written by Zen Monks and Haiku Poets on the Verge of Death,0,2022,https://m.media-amazon.com/images/I/71fHW2xY06L._AC_UY218_.jpg
Poetry book Crescent and Him,0,2023,https://m.media-amazon.com/images/I/61Rh+AUSnKL._AC_UY218_.jpg
Poetry book I Know I Don't Know,0,2020,https://m.media-amazon.com/images/I/41UOtz0H6LL._AC_UY218_.jpg
"LVOE: Poems, Epigrams & Aphorisms",0,2022,https://m.media-amazon.com/images/I/71uQAgj-LBL._AC_UY218_.jpg
Poetry book Winter Nights,0,2023,https://m.media-amazon.com/images/I/71sp5x5arVL._AC_UY218_.jpg
Ghalib (Hindi),0,2019,https://m.media-amazon.com/images/I/612at3naK8L._AC_UY218_.jpg
Kuchh Ishq Kiya Kuchh Kaam Kiya,0,2016,https://m.media-amazon.com/images/I/71c+FGTn0oL._AC_UY218_.jpg
Poetry book 11:11 wishes,0,2023,https://m.media-amazon.com/images/I/617AMQTpGPL._AC_UY218_.jpg
Poetry book Hope,0,2023,https://m.media-amazon.com/images/I/51Kybw9jPnL._AC_UY218_.jpg
Poetry book Unsaid unheard,0,2023,https://m.media-amazon.com/images/I/61udIRgBJSL._AC_UY218_.jpg
the moon: 1 (The Northern Collection),0,2020,https://m.media-amazon.com/images/I/51nafbD3fEL._AC_UY218_.jpg
"Collected Poems, The",0,2013,https://m.media-amazon.com/images/I/81RAKlscr+L._AC_UY218_.jpg
Whispers of Heartache,0,2022,https://m.media-amazon.com/images/I/51tHPCQDAaL._AC_UY218_.jpg
Poetry book Serendipity,0,2023,https://m.media-amazon.com/images/I/61Y2t6M9ygL._AC_UY218_.jpg
"Love, Hope and Magic",0,2022,https://m.media-amazon.com/images/I/812fCsWzzjL._AC_UY218_.jpg
Ishq | Poems from the Depths of Love | Melodies of Love in Poetry.,0,0,https://m.media-amazon.com/images/I/81ZZ1244EzS._AC_UY218_.jpg
A Treasury of Urdu Poetry,0,2018,https://m.media-amazon.com/images/I/71J4oyi06kL._AC_UY218_.jpg
The Art of Letting Go : Poetry for the Seekers,0,2018,https://m.media-amazon.com/images/I/71VRkm2AN3L._AC_UY218_.jpg
Mere Dil Mere Musafir,0,2019,https://m.media-amazon.com/images/I/71isL+wW4HL._AC_UY218_.jpg
Khwab Ke Gaon Mein,0,2022,https://m.media-amazon.com/images/I/81bPYpmbi3L._AC_UY218_.jpg
voice notes i never sent to you,0,2021,https://m.media-amazon.com/images/I/51WPFCYTEqS._AC_UY218_.jpg
Best Love Poems of All Time Pocket Classic,0,2020,https://m.media-amazon.com/images/I/712GLCntv6S._AC_UY218_.jpg
The Penguin Book of Russian Poetry (Penguin Classics),0,2015,https://m.media-amazon.com/images/I/91NP6T+8kwL._AC_UY218_.jpg
Poetry book You should feel more,0,2023,https://m.media-amazon.com/images/I/61i5O8gzXkL._AC_UY218_.jpg
The Eloquence of Ghalib | A Journey Through His Poetry | The Poet's Legacy.,0,2023,https://m.media-amazon.com/images/I/91II5RIBGKL._AC_UY218_.jpg
Do Kadam Aur Sahi (Hindi),0,2017,https://m.media-amazon.com/images/I/71B0UWt6EbL._AC_UY218_.jpg
Kaisa Kutta Hai । कैसा कुत्ता है,0,2022,https://m.media-amazon.com/images/I/81ErbR3IGRL._AC_UY218_.jpg
Ninety-Seven Poems [Paperback] Terribly Tiny Tales,0,2018,https://m.media-amazon.com/images/I/51vhh9-mFJL._AC_UY218_.jpg
Collected Works of Kahlil Gibran- DELUXE EDITION,0,2018,https://m.media-amazon.com/images/I/71mdN9iCrNL._AC_UY218_.jpg
Chuni Hui Kavitayen,0,2020,https://m.media-amazon.com/images/I/61x-RNCgKJL._AC_UY218_.jpg
The Prophet,0,2021,https://m.media-amazon.com/images/I/71-CCGxhkGL._AC_UY218_.jpg
Poetry book POV: You're in a Teen-Adult Phase,0,2022,https://m.media-amazon.com/images/I/81aOCvBNiFL._AC_UY218_.jpg
Rumi A New Translation,0,2011,https://m.media-amazon.com/images/I/81eH-GRWvgL._AC_UY218_.jpg
Threads of Indian Poetry,0,2023,https://m.media-amazon.com/images/I/71mfHh7OWlL._AC_UY218_.jpg
"Love, Death & Poetry",0,2023,https://m.media-amazon.com/images/I/51iybPZGhGL._AC_UY218_.jpg
Raat Pashmine Ki,0,2002,https://m.media-amazon.com/images/I/71B3cdsdT8L._AC_UY218_.jpg
Twenty Love Poems (L): And A Song Of Despair,0,2004,https://m.media-amazon.com/images/I/61CiVtn7WBL._AC_UY218_.jpg
Madhushala,0,1997,https://m.media-amazon.com/images/I/71Hc0nX3UHL._AC_UY218_.jpg
Ruskin Bonds Book of Verse,0,2016,https://m.media-amazon.com/images/I/91zMfvzgObL._AC_UY218_.jpg
These Errors Are Correct: Poems,0,2022,https://m.media-amazon.com/images/I/91sZWkbk7TL._AC_UY218_.jpg
Poetry book Melody Of The Moon,0,2022,https://m.media-amazon.com/images/I/71--C+SuOaL._AC_UY218_.jpg
Poetry book Melody Of The Moon,0,2022,https://m.media-amazon.com/images/I/71--C+SuOaL._AC_UY218_.jpg
"100 Selected Poems, Emily Dickinson: Collectable Hardbound edition",0,2019,https://m.media-amazon.com/images/I/61OfV9gA38L._AC_UY218_.jpg
Humsafar,0,2023,https://m.media-amazon.com/images/I/813WFGVJUPL._AC_UY218_.jpg
Humse Kya Ho Saka Mohabbat Mein [Paperback] Firaq Gorakhpuri and Rekhta Books,0,2021,https://m.media-amazon.com/images/I/91QcP7F6z4S._AC_UY218_.jpg
Poetry book Soulful Reflections,0,2023,https://m.media-amazon.com/images/I/61vP7P9KjiL._AC_UY218_.jpg
Gulon Mein Rang Bhare,0,2023,https://m.media-amazon.com/images/I/81ZNSMBJ1DL._AC_UY218_.jpg
100 Shayar 100 Ghazalein | Ghazal Symphony: A Collection of 100 Shayars | [Paperback] Rekhta Books and Farhat Ehsas,0,2020,https://m.media-amazon.com/images/I/81--1Ln6usL._AC_UY218_.jpg
100 World’s Greatest Love Poems,0,2018,https://m.media-amazon.com/images/I/71cu+jCvthS._AC_UY218_.jpg
Poetry book Sea of Stars,0,2023,https://m.media-amazon.com/images/I/61WhCM5YcuL._AC_UY218_.jpg
"100 Selected Poems, William Wordsworth: Collectable Hardbound edition",0,2018,https://m.media-amazon.com/images/I/61aTs2-vCmL._AC_UY218_.jpg
Poetry book Echoes of the dusky he’art,0,2023,https://m.media-amazon.com/images/I/614qf5PF8rL._AC_UY218_.jpg
"Failure To Make Round Rotis : Poems on Rebellion, Resilience and Relationships",0,2023,https://m.media-amazon.com/images/I/71U1q78geiL._AC_UY218_.jpg
"100 Selected Poems, W. B. Yeats: Collectable Hardbound Edition",0,2018,https://m.media-amazon.com/images/I/61XWUN+3wVL._AC_UY218_.jpg
Poetry book IDK,0,2023,https://m.media-amazon.com/images/I/61Ej6uuC+YL._AC_UY218_.jpg
Collected works of Kahlil Gibran,0,2017,https://m.media-amazon.com/images/I/61j5SGC-D5L._AC_UY218_.jpg
Eternal Echoes,0,2021,https://m.media-amazon.com/images/I/71L5GhHZjYL._AC_UY218_.jpg
"Statistics for Business & Economics, 13E",2,2019,https://m.media-amazon.com/images/I/913-nx4McsL._AC_UY218_.jpg
ESSENTIALS OF BUSINESS ECONOMICS,2,2009,https://m.media-amazon.com/images/I/81AdJqnoMvL._AC_UY218_.jpg
Taxmann's CRACKER for Business Economics & Business and Commercial Knowledge (Paper 4 | Economics | BEBCK) – Covering past exam questions & detailed answers | CA Foundation | Dec. 2023 Exams,2,2023,https://m.media-amazon.com/images/I/71prPdg-USL._AC_UY218_.jpg
"Business Economics (Microeconomic Analysis), 13th Edition",2,2016,https://m.media-amazon.com/images/I/81P43BK9OcL._AC_UY218_.jpg
Statistics for Business & Economics with WebAssign,2,2022,https://m.media-amazon.com/images/I/81lvULzkQML._AC_UY218_.jpg
Business Economics (ca Foundation),2,2018,https://m.media-amazon.com/images/I/819aSxpxzNL._AC_UY218_.jpg
"STATISTICS FOR BUSINESS & ECONOMICS WITH MINDTAP, 13TH EDITION",2,2018,https://m.media-amazon.com/images/I/71mglb6jqaL._AC_UY218_.jpg
Business Economics B.B.A I-Year I-Sem (As Per The Latest (2021-22) Syllabus (CBCS) OU (DSC-103) Latest 2023 Edition,2,2023,https://m.media-amazon.com/images/I/912rbuIH91L._AC_UY218_.jpg
Business Economics,2,2020,https://m.media-amazon.com/images/I/81-tyB2X6DL._AC_UY218_.jpg
Taxmann's Business Economics (Paper 4 | Economics) – Study material in simple language cover the subject matter topic-wise for easy learning | CA Foundation | June 2023 Exams,2,2023,https://m.media-amazon.com/images/I/61ag8e6Mz3L._AC_UY218_.jpg
Practical Learning Series Business Economics for CA Foundation New Syllabus 2023,2,2023,https://m.media-amazon.com/images/I/51N2EPdk3kL._AC_UY218_.jpg
Business Economics General Edition For B.Com & BBA of Various Universities,2,2022,https://m.media-amazon.com/images/I/81HFt6Lo0AL._AC_UY218_.jpg
Business Economics For Under Graduation: Revised Edition (2021),2,2019,https://m.media-amazon.com/images/I/413UcxbwNVL._AC_UY218_.jpg
Applied Statistics in Business and Economics | Sixth Edition | SIE,2,2020,https://m.media-amazon.com/images/I/716JKhgT1zL._AC_UY218_.jpg
"Oswaal CBSE Accountancy, English Core, Business Studies & Economics Class 12 Question Bank (Set of 4 Books) (For 2024 Board Exams)",2,2023,https://m.media-amazon.com/images/I/81AUz7oLWjL._AC_UY218_.jpg
Taxmann's CRACKER for Business Economics & Business and Commercial Knowledge (Paper 4 | Economics | BEBCK) – Covering past exam questions & detailed answers | CA Foundation | June 2023 Exams,2,2023,https://m.media-amazon.com/images/I/61+Aq6L3QDL._AC_UY218_.jpg
"Together with CBSE Class 12 EAD Sample Papers Economics, Accountancy & Business Studies (Set of 3) Board Exam 2024",2,2023,https://m.media-amazon.com/images/I/71ROlfL65DL._AC_UY218_.jpg
BUSINESS ECONOMICS,2,2012,https://m.media-amazon.com/images/I/71rT1rKehPL._AC_UY218_.jpg
"Educart CBSE Class 12 Sample Papers Bundle - Accountancy, Business Studies, Economics & English 2023-24 (Introducing Revision Maps and Past Year Papers) 2024",2,0,https://m.media-amazon.com/images/I/819BXRuwIFL._AC_UY218_.jpg
"CBSE 15 Sample Question Papers Class 12 Accountancy, Business Studies, Economics for 2024 Exam (Mock Test Paper) Adhering to Competency - Based ... Sheet for Revision | PYQ 2023 Solved Paper",2,2023,https://m.media-amazon.com/images/I/51dosqZ++PL._AC_UY218_.jpg
Business Economics ( Major/Minor ) Bilingual Book B.Com First Sem UOR NEP2020 Based syllabus book by thakur publication,2,2023,https://m.media-amazon.com/images/I/61wSW9PlaOL._AC_UY218_.jpg
Economics of the Indian Steel Industry (Routledge Studies in the Economics of Business and Industry),2,2017,https://m.media-amazon.com/images/I/41yc9VOZdcL._AC_UY218_.jpg
"Connex's Largest Question Bank I CA Foundation - Business Economics (Theory and 2,600+ MCQs) - May & Nov 2022 Attempt",2,2021,https://m.media-amazon.com/images/I/81AiqHbSsVS._AC_UY218_.jpg
"Trends in Business, Economics and Management",2,2023,https://m.media-amazon.com/images/I/81+QghnKLlL._AC_UY218_.jpg
"Oswaal CBSE Sample Question Papers English Core, Accountancy, Business Studies & Economics Class 11 (Set of 4 Books) (For 2024 Exam) | 2023-24",2,2023,https://m.media-amazon.com/images/I/81s1uEqofGL._AC_UY218_.jpg
Business Economics - I FYBAF/BMS/BBI/BFM Semester I manan prakashan,2,2020,https://m.media-amazon.com/images/I/41NE7fj4dtL._AC_UY218_.jpg
"Oswaal CBSE 20 Combined Sample Question Papers Class 12 Commerce Stream For 2024 Board Exams ( Accountancy, Business Studies, Economics, Mathematics, English Core)",2,2023,https://m.media-amazon.com/images/I/81bX0bxctKL._AC_UY218_.jpg
IIMA: Day To Day Economics,2,2012,https://m.media-amazon.com/images/I/61ccF3OvHkL._AC_UY218_.jpg
Managerial Economics and Business Strategy | 9th Edition,2,2021,https://m.media-amazon.com/images/I/81Lcs7U+EPL._AC_UY218_.jpg
Business Economics (Paper 4 | CA Foundation) Scanner - Including questions and solutions | 2023 Syllabus | Applicable for June 2024 Exam Onwards | Green Edition,2,2023,https://m.media-amazon.com/images/I/81smLx+-25L._AC_UY218_.jpg
NTA CUET UG Economics Section 2 Commerce Domain | Business Economics 10 Practice Papers with Answers | Includes Previous Year Solved Question Paper,2,2023,https://m.media-amazon.com/images/I/717ORUwyN2L._AC_UY218_.jpg
Harvard Business Review Manager's Handbook: The 17 Skills Leaders Need to Stand Out (HBR Handbooks),2,2016,https://m.media-amazon.com/images/I/71zXOxaOtYL._AC_UY218_.jpg
Taxmann's CRACKER for Economic & Business Environment (Paper 3) – Covering past exam questions (topic-wise) & answers with chapter-wise marks distribution | CSEET,2,2023,https://m.media-amazon.com/images/I/61drNqNpflL._AC_UY218_.jpg
Ib Diploma Programme: Business Management Student Book 2022 (IB Business Management),2,2022,https://m.media-amazon.com/images/I/61gWXJAmpWL._AC_UY218_.jpg
"CUET UG Economics / Business Economics (Section - II ) | NTA CUET Entrance Exam Book for 2024 | Includes Model Papers with Solutions, MCQ's & Solutions to Previous Year Exam Papers",2,2023,https://m.media-amazon.com/images/I/81oNMzEJtVL._AC_UY218_.jpg
"CUET UG Economics / Business Economics (Section - II ) | NTA CUET Entrance Exam Book for 2024 | Solutions to Previous Year Exam Papers & Includes Model Papers with Solutions, MCQ's",2,2023,https://m.media-amazon.com/images/I/71b6xJd1JGL._AC_UY218_.jpg
Statistics for Business and Economics,2,2015,https://m.media-amazon.com/images/I/91iyPEogP7L._AC_UY218_.jpg
Economic Business and Commercial Laws-Executive Prog. -Latest print 2022 (syllabus 2017),2,2022,https://m.media-amazon.com/images/I/71dz-P2bGjL._AC_UY218_.jpg
"Oswaal ISC 5 Previous Years Solved Papers Yearwise 2018-2023, Class-12, Commerce: Accounts, Economics, Business studies, Commerce, English 1, English 2, Maths, Hindi, Computer science (2024 Exam) [Paperback] Oswaal Editorial Board",2,2023,https://m.media-amazon.com/images/I/81-R-EKsnAL._AC_UY218_.jpg
Scanner for Business Economics and Business and Commercial Knowledge (Paper 4) - Containing questions of last 20 Exams | CA Foundation | June 2023 Exam | Green Edition,2,2023,https://m.media-amazon.com/images/I/81iRPOnF8sL._AC_UY218_.jpg
Statistical Techniques in Business and Economics | 17th Edition,2,2021,https://m.media-amazon.com/images/I/81N60nBl5vL._AC_UY218_.jpg
Arihant CBSE Sample Question Papers Class 12 Business Studies Book for 2024 Board Exam,2,2023,https://m.media-amazon.com/images/I/61O4NMu1H4L._AC_UY218_.jpg
Statistics for Business & Economics (12th Ed.) by David R Anderson(1905-07-05),2,0,https://m.media-amazon.com/images/I/51Nk3yYAj+L._AC_UY218_.jpg
Beyond Foolish: The Quest for the Scientific Measurement and Prevention of Human Stupidity (Business and Economics),2,2023,https://m.media-amazon.com/images/I/81DOuntYIxL._AC_UY218_.jpg
Taxmann's CRACKER for Economic Business & Commercial Laws (Paper 7 | EBCL) – Covering past exam questions (topic-wise) & detailed answers | CS Executive | Dec. 2023 Exam,2,2023,https://m.media-amazon.com/images/I/71aKajlxsdL._AC_UY218_.jpg
Business Economics B.Com 1St Year Semester-I Punjab University (2022-23) Examination,2,2020,https://m.media-amazon.com/images/I/61mOLaDTBfL._AC_UY218_.jpg
"COMBO PACK OF ARIHANT CBSE NCERT Solutions Accountancy, Business Studies And Economics Class 11 New Edition 2023-24 Arihant Publications",2,2023,https://m.media-amazon.com/images/I/71i6Bp-tMgL._AC_UY218_.jpg
Business Economics MBA I-Semester (As Per The Latest (R22) Syllabus JNTU-Hyderabad) Latest 2023-24 Edition,2,0,https://m.media-amazon.com/images/I/81mB003-nPL._AC_UY218_.jpg
"Oswaal CBSE 10 Previous Years' Solved Papers, Yearwise (2013-2023) Commerce (Economics, Business studies, Mathematics, Accountancy, English Core)Class 12 Book (For 2024 Exam) Oswaal Editorial Board",2,2023,https://m.media-amazon.com/images/I/81HPPA0IJ-L._AC_UY218_.jpg
Educart CBSE Class 12 Commerce Question Bank 2024 Accountancy Business Studies Economics & English 2023-24 Book Set (For Board Exam),2,2023,https://m.media-amazon.com/images/I/81XSZauPyEL._AC_UY218_.jpg
BUSINESS ECONOMICS (Micro),2,2019,https://m.media-amazon.com/images/I/61ShTcjrtVL._AC_UY218_.jpg
Make Epic Money,2,2024,https://m.media-amazon.com/images/I/71arhHsaYdL._AC_UY218_.jpg
Tulsian’s Business Economics and Business and Commercial Knowledge: For CA Foundation Course [Paper 4],2,2022,https://m.media-amazon.com/images/I/61dHCvvDg1L._AC_UY218_.jpg
"Scanner CS Executive Programme Module-II (2017 Syllabus) Paper-7 Economic, Business and Commercial Laws (Edition : 32nd) (Applicable for June 2021)",2,0,https://m.media-amazon.com/images/I/81dcWUzvWgL._AC_UY218_.jpg
BUSINESS ECONOMICS,2,2018,https://m.media-amazon.com/images/I/61ykhElh3+L._AC_UY218_.jpg
CUET-UG : Section-II (Domain Specific Subjects : Economics/Business Economics) Entrance Test Guide,2,2023,https://m.media-amazon.com/images/I/61bI4IrpBNL._AC_UY218_.jpg
MATHEMATICAL METHODS FOR ECONOMICS AND BUSINESS,2,2018,https://m.media-amazon.com/images/I/41dLU2KFfyL._AC_UY218_.jpg
"TOPPERSNOTES CBSE XI Commerce Notes for Accountancy, Business Studies, Economics Based on NCERT Pattern for Class 11 Exam (5 Books) - Latest Pattern [Paperback] TOPPERSNOTES [Paperback] TOPPERSNOTES",2,2022,https://m.media-amazon.com/images/I/6174eb2LE8L._AC_UY218_.jpg
Cambridge International AS & A Level Economics Coursebook with Digital Access (Cambridge International Examinations),2,2021,https://m.media-amazon.com/images/I/51j76-WqjsS._AC_UY218_.jpg
BUSINESS ECONOMICS (MICRO) // (MICRO ECONOMIC ANALYSIS),2,2017,https://m.media-amazon.com/images/I/51wOEg-FL5L._AC_UY218_.jpg
Breaking the Mould : Reimagining India's Economic Future,2,2023,https://m.media-amazon.com/images/I/71DEKXIsW8L._AC_UY218_.jpg
BUSINESS ECONOMICS-IV| S.Y.B.COM| SEMISTER - IV| MANAN,2,2023,https://m.media-amazon.com/images/I/516ZiJDnEvL._AC_UY218_.jpg
Arihant NTA CUET UG Exam For Section 2 Domain Commerce | Entrepreneurship | Business Studies | Economics | Accountancy | Home Science For 2024 Exam,2,2023,https://m.media-amazon.com/images/I/613GIbiQtOL._AC_UY218_.jpg
Solved Scanner CA Foundation Paper - 4 Business Economics and Business and Commercial Knowledge,2,2022,https://m.media-amazon.com/images/I/71+sTBZdL-L._AC_UY218_.jpg
Offline esaral printed study material chemistry,1,2021,https://m.media-amazon.com/images/I/71atjbG1dgL._AC_UY218_.jpg
A SHORT HISTORY OF THE WORLD- (FINGERPRINT),1,2015,https://m.media-amazon.com/images/I/71ZGS5OEPhS._AC_UY218_.jpg
"Short History Of Nearly Everything, A (Bryson)",1,2016,https://m.media-amazon.com/images/I/81IFXnlXNKL._AC_UY218_.jpg
Sapiens (L),1,2015,https://m.media-amazon.com/images/I/713jIoMO3UL._AC_UY218_.jpg
A SHORT HISTORY OF THE WORLD- (FINGERPRINT),1,2015,https://m.media-amazon.com/images/I/71ZGS5OEPhS._AC_UY218_.jpg
Modern India | Brief History | Spectrum | Rajiv Ahir | UPSC | Civil Services Exam | State Administrative Exams - 2023/edition,1,2023,https://m.media-amazon.com/images/I/81VaFiTjoJL._AC_UY218_.jpg
Knowledge Encyclopedia World History,1,2022,https://m.media-amazon.com/images/I/91iVhQR8l8L._AC_UY218_.jpg
World History for UPSC (English| 3rd Edition) |Civil Services Exam| State Administrative Exams,1,2023,https://m.media-amazon.com/images/I/81EPcjUtwEL._AC_UY218_.jpg
HISTORY OF ENGLISH LITERATURE (REVISED EDITION),1,2017,https://m.media-amazon.com/images/I/71TmOQTyhkL._AC_UY218_.jpg
Secret History,1,2000,https://m.media-amazon.com/images/I/81YhQfeiynL._AC_UY218_.jpg
"Arihant Test Drive 15 Practice Sets For NEET UG 2024 |As per NMC Notice dated 6 Oct, 2023 | Physics, Chemistry, Botany & Zoology",1,2023,https://m.media-amazon.com/images/I/611uZ9EgrsL._AC_UY218_.jpg
Meditations,1,2017,https://m.media-amazon.com/images/I/81ZeeOjADFL._AC_UY218_.jpg
All In One History 12th Class,1,2023,https://m.media-amazon.com/images/I/71nNmfp59+L._AC_UY218_.jpg
A Children's History of India in 100 Objects,1,2023,https://m.media-amazon.com/images/I/91gODLZKv6L._AC_UY218_.jpg
(Old edition) World History,1,2021,https://m.media-amazon.com/images/I/91-pn1m6dxL._AC_UY218_.jpg
A Brief History of Time: From Big Bang to Black Holes,1,0,https://m.media-amazon.com/images/I/81o5zZ5vRmL._AC_UY218_.jpg
Modern Indian History UPSC Civil Services Exam | Modern Indian History Book 2023 (1st Edition) for State PCS Exams By StudyIQ Publications,1,2022,https://m.media-amazon.com/images/I/71qwPFfexFL._AC_UY218_.jpg
3 OLD NCERT HISTORY BOOKS (1) Ancient India- RS Sharma (Class-11) (2) Medieval India - Satish Chandra (Class-11) (3) Modern India - Bipin Chandra (Class-12),1,2020,https://m.media-amazon.com/images/I/81008CdaXqL._AC_UY218_.jpg
UGC NET History Paper 2 | Includes prevous 10 Years Quetions + 2023 NTA-UGC NET Papers | Mock Tests | 1000+ Test Questions,1,2023,https://m.media-amazon.com/images/I/81F0YD-iuxL._AC_UY218_.jpg
Oswaal ICSE Question Bank Class 10 History and Civics Book (For 2024 Board Exams),1,2023,https://m.media-amazon.com/images/I/81C0XCaz5AL._AC_UY218_.jpg
Sevasadan (Hindi),1,2019,https://m.media-amazon.com/images/I/81y4SmWj-cL._AC_UY218_.jpg
The Politics,1,2021,https://m.media-amazon.com/images/I/71ybuEiKXwL._AC_UY218_.jpg
Adhunik Bharat Ka Etihas | Brief History of Modern India | Spectrum | Rajiv Ahir | UPSC | Civil Services Exam | State Administrative Exams - 2023/edition,1,2023,https://m.media-amazon.com/images/W/MEDIAX_792452-T1/images/I/81bVxG1butL._AC_UY218_.jpg
"Modern Indian History - Second Edition | For Civil Services Preliminary and Main Examinations [Paperback] Bansal, Sonali and Tripathi, Snehil",1,2020,https://m.media-amazon.com/images/W/MEDIAX_792452-T1/images/I/81xDTuirEEL._AC_UY218_.jpg
India & Contemporary World II - History For Class - 10 - 1066,1,2014,https://m.media-amazon.com/images/W/MEDIAX_792452-T1/images/I/61Q+IuRz65L._AC_UY218_.jpg
Preview Indian History Part-2 2023 (23116-C),1,2023,https://m.media-amazon.com/images/W/MEDIAX_792452-T1/images/I/616mgYfLUbL._AC_UY218_.jpg
India & Comtemprary World - History For Class - 9 - 966,1,2014,https://m.media-amazon.com/images/W/MEDIAX_792452-T1/images/I/9128f+-JOoL._AC_UY218_.jpg
A Brief History of Modern India (2019-2020 Edition) by Spectrum Books,1,2019,https://m.media-amazon.com/images/W/MEDIAX_792452-T1/images/I/71DYwWbKR5L._AC_UY218_.jpg
Cuban Revolution: A History from Beginning to End,1,2023,https://m.media-amazon.com/images/W/MEDIAX_792452-T1/images/I/81a4jGnWt5L._AC_UY218_.jpg
History Of Odisha,1,2019,https://m.media-amazon.com/images/W/MEDIAX_792452-T1/images/I/81r0l2htCVL._AC_UY218_.jpg
Chechen Wars: A History from Beginning to End,1,2023,https://m.media-amazon.com/images/W/MEDIAX_792452-T1/images/I/814qw7Ln80L._AC_UY218_.jpg
The Naked Mughals: Forbidden Tales of Harem and Butchery (Reviving Indian History Book 2),1,2017,https://m.media-amazon.com/images/W/MEDIAX_792452-T1/images/I/91j6FjtHISL._AC_UY218_.jpg
The Past as Present: Forging Contemporary Identities Through History,1,0,https://m.media-amazon.com/images/W/MEDIAX_792452-T1/images/I/91awJwXV4yL._AC_UY218_.jpg
Alaska Natives: A Captivating Guide to the History of the Indigenous Peoples of Alaska,1,2023,https://m.media-amazon.com/images/W/MEDIAX_792452-T1/images/I/71bopmwl55L._AC_UY218_.jpg
The History of Philosophy,1,0,https://m.media-amazon.com/images/W/MEDIAX_792452-T1/images/I/81IyPWsb-IL._AC_UY218_.jpg
Byzantine Empire: A History From Beginning to End,1,2018,https://m.media-amazon.com/images/W/MEDIAX_792452-T1/images/I/91wZxNDt14L._AC_UY218_.jpg
"History of India and Indian Mythology: An Enthralling Guide to Major Civilizations, Empires, Events, People, and Myths (Exploring the Past)",1,2023,https://m.media-amazon.com/images/W/MEDIAX_792452-T1/images/I/91e0JkyxiwL._AC_UY218_.jpg
"History of the Netherlands: A Captivating Guide to Ancient Germanic and Celtic Tribes, the Eighty Years’ War, the Dutch Empire and Republic, and Modern Times (European Countries)",1,2023,https://m.media-amazon.com/images/W/MEDIAX_792452-T1/images/I/81TQYsMRLgL._AC_UY218_.jpg
Offline esaral printed study material chemistry,1,2021,https://m.media-amazon.com/images/I/71atjbG1dgL._AC_UY218_.jpg
Meditations,1,2017,https://m.media-amazon.com/images/I/81ZeeOjADFL._AC_UY218_.jpg
INDIAN HISTORY ( Based On NCERT Books ) Includes Free Booklet [ TELUGU MEDIUM ],1,2023,https://m.media-amazon.com/images/I/61r-diFHiTL._AC_UY218_.jpg
Modern India | Brief History | Spectrum | Rajiv Ahir | UPSC | Civil Services Exam | State Administrative Exams - 2022/edition,1,2022,https://m.media-amazon.com/images/I/71SuNzI-wZL._AC_UY218_.jpg
KHAN G.S History Class Notes,1,2022,https://m.media-amazon.com/images/I/4113EiYB5wL._AC_UY218_.jpg
"History: From Ancient Civilizations to Modern Times: Human History in 50 Events: From Ancient Civilizations to Modern Times (World History, History Books, People History): 1",1,2016,https://m.media-amazon.com/images/I/61wBeyg6W-L._AC_UY218_.jpg
India's Ancient Past | Oxford India Paperbacks| Suited For UPSC Aspirants And Undergraduate Students Of History Major,1,2006,https://m.media-amazon.com/images/I/71QV6g38FdL._AC_UY218_.jpg
Arihant Magbook Indian History for UPSC Civil Services IAS Prelims / State PCS & other Competitive Exam | IAS Mains PYQs,1,2023,https://m.media-amazon.com/images/I/61rmVPd8+5L._AC_UY218_.jpg
Sasanian Empire: A History from Beginning to End,1,2023,https://m.media-amazon.com/images/I/81JWwkdt7WL._AC_UY218_.jpg
Adhunik Bharat Ka Etihas | Brief History of Modern India | Spectrum | Rajiv Ahir | UPSC | Civil Services Exam | State Administrative Exams - 2022/edition,1,2022,https://m.media-amazon.com/images/I/81ocV27xxvL._AC_UY218_.jpg
"Arihant Test Drive 15 Practice Sets For NEET UG 2024 |As per NMC Notice dated 6 Oct, 2023 | Physics, Chemistry, Botany & Zoology",1,2023,https://m.media-amazon.com/images/I/611uZ9EgrsL._AC_UY218_.jpg
Relativity:The Special and the General Theory,1,2017,https://m.media-amazon.com/images/I/712UNxm026L._AC_UY218_.jpg
NCERT Our Pasts 3 Part 1 Textbook in History for Class 8 (English),1,2005,https://m.media-amazon.com/images/I/61uSZt8lbDL._AC_UY218_.jpg
STORY OF CIVILIZATION: THE LESSONS OF HISTORY,1,1968,https://m.media-amazon.com/images/I/911mFTUR4XL._AC_UY218_.jpg
Arihant ICSE Sample Question Papers Class 10 History & Civics Book for 2024 Board Exam,1,2023,https://m.media-amazon.com/images/I/61W2UJDsrVL._AC_UY218_.jpg
ICSE Chapterwise-Topicwise Solved Papers 2023-2010 History & Civics Class 10th,1,2023,https://m.media-amazon.com/images/I/61jCCWI9myL._AC_UY218_.jpg
Arihant CBSE Exams 2024 I-Succeed 15 Sample Question Papers History Class 12th,1,2023,https://m.media-amazon.com/images/I/61CAdW6WYFL._AC_UY218_.jpg
The History of Iran: From Ancient Persia to the Modern Republic,1,2023,https://m.media-amazon.com/images/I/81tz-vHQ5OL._AC_UY218_.jpg
All In One Class 11th History for CBSE Exam 2024,1,2023,https://m.media-amazon.com/images/I/7180ElmWDdL._AC_UY218_.jpg
Oswaal CBSE Sample Question Papers Class 12 History (For Board Exams 2024) | 2023-24 Oswaal Editorial Board,1,2023,https://m.media-amazon.com/images/I/81wWLZ-0doL._AC_UY218_.jpg
The Politics,1,2021,https://m.media-amazon.com/images/I/71ybuEiKXwL._AC_UY218_.jpg
A SHORT HISTORY OF THE WORLD- (FINGERPRINT),1,2015,https://m.media-amazon.com/images/I/71ZGS5OEPhS._AC_UY218_.jpg
The Penguin History Of Early: From The O: From the Origins to AD 1300,1,2003,https://m.media-amazon.com/images/I/61A8Xo5SsFL._AC_UY218_.jpg
"Oswal - Gurukul History & Civics Most Likely Question Bank for ICSE Class 10 for 2024 Exam - Chapterwise & Categorywise Topics, Previous Years Board Questions, Latest Syllabus Pattern",1,2023,https://m.media-amazon.com/images/I/71-8vAZfZcL._AC_UY218_.jpg
Educart CBSE History Class 12 Sample Paper 2023-24 (Introducing Revision Maps and Past Year Papers) 2024,1,0,https://m.media-amazon.com/images/I/51zN+SbTBmL._AC_UY218_.jpg
History (Based On Tamilnadu History Class 11 and 12 Books) For UPSC and Other Competitive Examination,1,2022,https://m.media-amazon.com/images/I/71p8gxHeLcL._AC_UY218_.jpg
History of Odisha: For Odisha Civil Services (Prelims and Mains) & University Exams (OPSC SUCCESS SERIES Book 2),1,2023,https://m.media-amazon.com/images/I/71hnr-EB1KL._AC_UY218_.jpg
"Our History, Their History, Whose Histor (The India List)",1,2024,https://m.media-amazon.com/images/I/61AW3UsXbKL._AC_UY218_.jpg
History of Medieval India(2020 ed.),1,2022,https://m.media-amazon.com/images/I/91ml-QCRu4L._AC_UY218_.jpg
"Indian History and Movement ( Ancient, Medieval and Modern Indian History ) Chapter Wise Bit Bank [ TELUGU MEDIUM ]",1,2022,https://m.media-amazon.com/images/I/91jtSfgdHjL._AC_UY218_.jpg
Ancient India Old Ncert History Textbook 1999 By Ram Sharan Sharma XI Class (English Medium),1,2019,https://m.media-amazon.com/images/I/81NiXCQsGEL._AC_UY218_.jpg
"Sapiens A Graphic History, Volume 1",1,2020,https://m.media-amazon.com/images/I/81iPhRev2AL._AC_UY218_.jpg
A Comprehensive History of Modern India | UPSC | Civil Services Exam | State Administrative Exams | UGC NET/ SLET - 2023/edition,1,2023,https://m.media-amazon.com/images/I/816ZBAke0WL._AC_UY218_.jpg
FRANK WAY TO SUCCESSFUL ICSE HISTORY & CIVICS PAPERS CLASS 10 2024,1,2023,https://m.media-amazon.com/images/I/71EjjBaQl3L._AC_UY218_.jpg
A Children's History of India,1,2015,https://m.media-amazon.com/images/I/71r1e-OALaL._AC_UY218_.jpg
"Norse Legends Unveiled: Exploring the Epic Sagas of Odin, Thor, and Valkyries in Viking History (Viking Mythology Book 3)",1,2023,https://m.media-amazon.com/images/I/91h7EB0EHPL._AC_UY218_.jpg
History Of Medieval India (New Edn),1,2020,https://m.media-amazon.com/images/I/71D6f6AxA0L._AC_UY218_.jpg
"Adhunik Maharashtra Itihaas [Paperback] [Jan 01, 2017] S s gathal …",1,2017,https://m.media-amazon.com/images/I/81GebHr4dlL._AC_UY218_.jpg
Quantum Physics for Beginners Who Flunked Math And Science: Quantum Mechanics And Physics Made Easy Guide In Plain Simple English,3,2020,https://m.media-amazon.com/images/I/61r8NnDD9gL._AC_UY218_.jpg
The 60 Minute Quantum Physics Book: Science Made Easy For Beginners Without Math And In Plain Simple English,3,2020,https://m.media-amazon.com/images/I/61K7vKYv8zL._AC_UY218_.jpg
"Quantum Body: The New Science of Living a Longer, Healthier, More Vital Life",3,2023,https://m.media-amazon.com/images/I/71lAyXdTW1L._AC_UY218_.jpg
Quantum Psychology and the Science of Happiness,3,2022,https://m.media-amazon.com/images/I/71f-luOiglL._AC_UY218_.jpg
"Nakabh Scalar Energy Quantum Science Fusion Lava Black Stone Pendant for Men, Women (3) -Pack of 3",3,0,https://m.media-amazon.com/images/I/61yiRoa9jaL._AC_UY218_.jpg
Machine Learning with Quantum Computers (Quantum Science and Technology),3,2021,https://m.media-amazon.com/images/I/61xD70tfL2L._AC_UY218_.jpg
Quantum Information Meets Quantum Matter: From Quantum Entanglement to Topological Phases of Many-Body Systems (Quantum Science and Technology),3,2019,https://m.media-amazon.com/images/I/61eo3+Cjo2L._AC_UY218_.jpg
Baby Loves Quantum Physics!: 4 (Baby Loves Science),3,2017,https://m.media-amazon.com/images/I/81tL7WGt4kL._AC_UY218_.jpg
"How the Hippies Saved Physics – Science, Counterculture, and the Quantum Revival",3,2012,https://m.media-amazon.com/images/I/71me4OivNPL._AC_UY218_.jpg
Three Roads to Quantum Gravity (SCIENCE MASTERS),3,2014,https://m.media-amazon.com/images/I/81lSdsA+ZVL._AC_UY218_.jpg
Relativity:The Special and the General Theory,3,2017,https://m.media-amazon.com/images/I/712UNxm026L._AC_UY218_.jpg
Lectures on Quantum Mechanics,3,2012,https://m.media-amazon.com/images/I/61GEjEwv0qL._AC_UY218_.jpg
Quantum Computing (Hot Science): The Transformative Technology of the Qubit Revolution,3,2021,https://m.media-amazon.com/images/I/81U9Hz7J7wL._AC_UY218_.jpg
The 60 Minute Quantum Physics Book: Science Made Easy For Beginners Without Math And In Plain Simple English,3,2020,https://m.media-amazon.com/images/I/61K7vKYv8zL._AC_UY218_.jpg
The Science of Arun̻apras̰na: Cosmology to Quantum Physics,3,2022,https://m.media-amazon.com/images/I/615pGuG-GXL._AC_UY218_.jpg
Quantum Supremacy: How Quantum Computers will Unlock the Mysteries of Science – and Address Humanity’s Biggest Challenges,3,2023,https://m.media-amazon.com/images/I/81G+TCJJF7L._AC_UY218_.jpg
"The Primacy of Doubt: From Quantum Physics to Climate Change, How the Science of Uncertainty Can Help Us Understand Our Chaotic World",3,0,https://m.media-amazon.com/images/I/81pVK1LMYDL._AC_UY218_.jpg
Quantum Physics Made Easy: The Introduction Guide For Beginners Who Flunked Maths And Science In Plain Simple English,3,2020,https://m.media-amazon.com/images/I/71LydtnP6JL._AC_UY218_.jpg
Quantum Physics for Beginners Who Flunked Math And Science: Quantum Mechanics And Physics Made Easy Guide In Plain Simple English,3,2020,https://m.media-amazon.com/images/I/71i0S02aTXL._AC_UY218_.jpg
Quantum Supremacy: How Quantum Computers will Unlock the Mysteries of Science – and Address Humanity’s Biggest Challenges & Fooled by Randomness : The Hidden Role of Chance in Life and in the Markets,3,0,https://m.media-amazon.com/images/I/01RPy1SfeqL._AC_UY218_.gif
"Quantum Physics for Beginners: Discover the history to the quantum physics, learn the principles and theories in a simple way for beginners",3,2022,https://m.media-amazon.com/images/I/61je+v2hfJL._AC_UY218_.jpg
The Science of Arun̻apras̰na: Cosmology to Quantum Physics,3,2022,https://m.media-amazon.com/images/I/615pGuG-GXL._AC_UY218_.jpg
Quantum Supremacy: How Quantum Computers will Unlock the Mysteries of Science – and Address Humanity’s Biggest Challenges & Life 3.0 : Being Human in the Age of Artificial Intelligence,3,0,https://m.media-amazon.com/images/I/01RPy1SfeqL._AC_UY218_.gif
CSIR NET Quantum Mechanics Physics Book - Detailed Physical Science Practice Theory Book with Questions & Solutions,3,2023,https://m.media-amazon.com/images/I/61HbLt6skeL._AC_UY218_.jpg
Quantum Information Science,3,2023,https://m.media-amazon.com/images/I/41hOYaua2LL._AC_UY218_.jpg
Origins of the Universe: The Cosmic Microwave Background and the Search for Quantum Gravity (Hot Science),3,2020,https://m.media-amazon.com/images/I/810lzMKGwCL._AC_UY218_.jpg
The Science of Manifesting: Understanding the Quantum Mechanics of Reality Creation,3,2023,https://m.media-amazon.com/images/I/61zFeArDXjL._AC_UY218_.jpg
The Quantum Story: A History in 40 Moments,3,0,https://m.media-amazon.com/images/I/81lrg1zpTLL._AC_UY218_.jpg
Quantum Science: The Frontier of Physics and Chemistry,3,2022,https://m.media-amazon.com/images/I/51lX6+GRs1L._AC_UY218_.jpg
Chemical Sciences Quantum Chemistry Class Notes with assignment by career Endeavour Classes UGC NET CSIR,3,2020,https://m.media-amazon.com/images/I/71QmseBOxzL._AC_UY218_.jpg
Vediquant: Vedantic Truth in Quantum Science,3,2023,https://m.media-amazon.com/images/I/81FCxxElv1L._AC_UY218_.jpg
Quantum Success: The Astounding Science of Wealth and Happiness,3,2009,https://m.media-amazon.com/images/I/41YLMjh3P8L._AC_UY218_.jpg
Quantum Supremacy: How Quantum Computers will Unlock the Mysteries of Science – and Address Humanity’s Biggest Challenges & The God Equation: The Quest for a Theory of Everything,3,0,https://m.media-amazon.com/images/I/01RPy1SfeqL._AC_UY218_.gif
Electrodynamics Classical And Quantum (Pb 2020),3,2020,https://m.media-amazon.com/images/I/61yJRzDMj2L._AC_UY218_.jpg
The Quantum and the Lotus: A Journey to the Frontiers Where Science and Buddhism Meet,3,2004,https://m.media-amazon.com/images/I/71oHWN6KISL._AC_UY218_.jpg
Quantum Computing for Everyone (Mit Press),3,2020,https://m.media-amazon.com/images/I/71VEEvA5ViL._AC_UY218_.jpg
50 Quantum Physics Ideas You Really Need to Know (50 Ideas You Really Need to Know series),3,2023,https://m.media-amazon.com/images/I/81YZt+PW6+L._AC_UY218_.jpg
THE CODE BOOK: The Science of Secrecy from Ancient Egypt to Quantum Cryptography,3,2000,https://m.media-amazon.com/images/I/71fSWKBI1CL._AC_UY218_.jpg
Solutions to Problems for Student Friendly Quantum Field Theory Volume 2: The Standard Model,3,2021,https://m.media-amazon.com/images/I/610BWkZcy9L._AC_UY218_.jpg
Mysteries of the Quantum Universe,3,2020,https://m.media-amazon.com/images/I/91yARIpZZmL._AC_UY218_.jpg
Relativity:The Special and the General Theory,3,2017,https://m.media-amazon.com/images/I/712UNxm026L._AC_UY218_.jpg
Quantum Physics For Babies: 0 (Baby Univ (Baby University),3,2017,https://m.media-amazon.com/images/I/81ifN3C9vaL._AC_UY218_.jpg
Quantum Mechanics Concepts and Applications,3,2009,https://m.media-amazon.com/images/I/31yPw5JXJiL._AC_UY218_.jpg
Nakabh Scalar Energy Quantum Science Fusion Lava Stone Pendant (2),3,0,https://m.media-amazon.com/images/I/71jamYS7ZWL._AC_UY218_.jpg
Quantum Mechanics (Dover Books on Physics),3,2015,https://m.media-amazon.com/images/I/81sTfacpfCL._AC_UY218_.jpg
Quantum Physics: Science Explained for Our Little Ones,3,2020,https://m.media-amazon.com/images/I/71PXy5CqinL._AC_UY218_.jpg
GADGETS WRAP Vinyl School Physics Science Class Quantum Mechanics Vinyl,3,0,https://m.media-amazon.com/images/I/51DQXYSJ4zL._AC_UY218_.jpg
"Artificial Intelligence : आर्टिफिशियल इंटेलिजन्स Ai Books in Marathi, मराठी पुस्तक, Book, पुस्तके, पुस्तकं बुक, बुक्स, Robot, Drone, Robotics Information Technology, Machine Learning, Elon Musk, Data Science, Deep, Networking, Quantum Computing, Computer Neural Networks, Database System, Generative, मशीन लर्निंग, डीप लर्निंग, न्यूरल नेटवर्क्स, नॅचरल लँग्वेज, Natural Language Processing, ChatGPT यंत्रमानव आणि कृत्रिम बुद्धिमत्ता, रोबोटिक्स",3,2023,https://m.media-amazon.com/images/I/71fiXLRqYUL._AC_UY218_.jpg
Quantum Physics: Unraveling the Mysteries of the Subatomic Realm,3,2023,https://m.media-amazon.com/images/I/71wh4WYU8xL._AC_UY218_.jpg
Quantum Computation and Quantum Information: 10th Anniversary Edition,3,2010,https://m.media-amazon.com/images/I/71zJlN985cL._AC_UY218_.jpg
Quantum Mechanix - Star Trek: Discovery - Enterprise Science Badge and Pin Set,3,0,https://m.media-amazon.com/images/I/51npOU3uKsL._AC_UY218_.jpg
An Introduction to Theory and Applications of Quantum Mechanics (Dover Books on Physics),3,2013,https://m.media-amazon.com/images/I/71ErLLFtD1L._AC_UY218_.jpg
ASICS Men's Gel-Quantum 360 VII Sneakers,3,0,https://m.media-amazon.com/images/I/61EZ4Ivq-VL._AC_UY218_.jpg
"Quantum Mechanics: The Theoretical Minimum (Theoretical Minimum 2) Susskind, Leonard and Friedman, Art",3,2015,https://m.media-amazon.com/images/I/811KtjJtsJL._AC_UY218_.jpg
The 60 Minute Quantum Physics Book: Science Made Easy For Beginners Without Math And In Plain Simple English,3,2020,https://m.media-amazon.com/images/I/61K7vKYv8zL._AC_UY218_.jpg
The Science of Arun̻apras̰na: Cosmology to Quantum Physics,3,2022,https://m.media-amazon.com/images/I/615pGuG-GXL._AC_UY218_.jpg
Aarogyam Energy Quantum Science Scalar Energy Pendant (2 pcs Quantum Pendant),3,0,https://m.media-amazon.com/images/I/71QrV+ZF2WL._AC_UY218_.jpg
Timelines of Science: From Fossils to Quantum Physics (DK Children's Timelines),3,2022,https://m.media-amazon.com/images/I/91O85dJRfnL._AC_UY218_.jpg
A Quantum Man,3,2023,https://m.media-amazon.com/images/I/81B8sORJF9L._AC_UY218_.jpg
Quantum Mechanics (A Ladybird Expert Book) (The Ladybird Expert Series),3,2017,https://m.media-amazon.com/images/I/71h-I0XVHKL._AC_UY218_.jpg
Introducing Quantum Theory: A Graphic Guide,3,2007,https://m.media-amazon.com/images/I/71NvOWQzmoL._AC_UY218_.jpg
"Brainy Science Readers: Do You Know Quantum Physics?: Level 1 Beginner Reader (Brainy Science Readers, Level 1)",3,2022,https://m.media-amazon.com/images/I/81+O3GQ3R4L._AC_UY218_.jpg
Quantum Mechanics: The Theoretical Minimum & The Book of Why: The New Science of Cause and Effect,3,0,https://m.media-amazon.com/images/I/81zhsiRy5nL._AC_UY218_.jpg
Quantum Mind and Social Science: Unifying Physical and Social Ontology,3,2015,https://m.media-amazon.com/images/I/714i870jLoL._AC_UY218_.jpg
Quantum and Statistical Field Theory (Oxford Science Publications),3,1992,https://m.media-amazon.com/images/I/61Qe+gq3YdL._AC_UY218_.jpg
Quantum Mechanics I,3,2022,https://m.media-amazon.com/images/I/81WTQFDYEOL._AC_UY218_.jpg
ASTROLOGY – A SCIENCE OF THE QUANTUM WORLD : Discovering Science in Astrology,3,2021,https://m.media-amazon.com/images/I/61jGJaYuQiL._AC_UY218_.jpg
Mastering Quantum Computing: A Comprehensive Guide to Learn Quantum Computing,3,2023,https://m.media-amazon.com/images/I/71QxucpTXNL._AC_UY218_.jpg
Simply Quantum Physics,3,2021,https://m.media-amazon.com/images/I/81xJnfj969L._AC_UY218_.jpg
ASTROLOGY – A SCIENCE OF THE QUANTUM WORLD: Discovering Science in Astrology,3,2022,https://m.media-amazon.com/images/I/615ipaP1wSL._AC_UY218_.jpg
"The Quantum Moment – How Planck, Bohr, Einstein, and Heisenberg Taught Us to Love Uncertainty",3,2015,https://m.media-amazon.com/images/I/71RLeR04WnL._AC_UY218_.jpg
INTRODUCTION TO QUANTUM ELECTRODYNAMICS AND PARTICLE PHYSICS,3,2022,https://m.media-amazon.com/images/I/41DphWA8GQL._AC_UY218_.jpg
QUANTUM MECHANICS - CONCEPTS AND APPLICATIONS 3E,3,2022,https://m.media-amazon.com/images/I/71UrZs5jcdL._AC_UY218_.jpg
Quantum Computation And Quantum Information,3,2013,https://m.media-amazon.com/images/I/71WU3wsuZKL._AC_UY218_.jpg
"Quantum Physics for Beginners: Discover the history to the quantum physics, learn the principles and theories in a simple way for beginners",3,2022,https://m.media-amazon.com/images/I/61je+v2hfJL._AC_UY218_.jpg
Quantum Dot Photodetectors: 30 (Lecture Notes in Nanoscale Science and Technology),3,2022,https://m.media-amazon.com/images/I/61NxUIInA9L._AC_UY218_.jpg
